database,table_name,row_count,last_modified_ts,last_modified_utc
cx_genome,ai_churn_scores,111457,1773218022000,2026-03-11 08:33:42 UTC
cx_genome,ai_clv_scores,101301,1773217998000,2026-03-11 08:33:18 UTC
cx_genome,ai_clv_scores_ml,6274,1773354052000,2026-03-12 22:20:52 UTC
cx_genome,ai_demand_forecast,1310,1773395837000,2026-03-13 09:57:17 UTC
cx_genome,ai_nba_scores,101301,1773354283000,2026-03-12 22:24:43 UTC
cx_genome,ai_price_elasticity,50,1773395658000,2026-03-13 09:54:18 UTC
cx_genome,ai_pricing_recommendations,50,1773395662000,2026-03-13 09:54:22 UTC
cx_genome,ai_rfm_scores,101301,1773217980000,2026-03-11 08:33:00 UTC
cx_genome,core_behavior,92487,1773217937000,2026-03-11 08:32:17 UTC
cx_genome,core_customer,111457,1773217862000,2026-03-11 08:31:02 UTC
cx_genome,core_feedback,99224,1773217925000,2026-03-11 08:32:05 UTC
cx_genome,core_product,38256,1773217894000,2026-03-11 08:31:34 UTC
cx_genome,core_purchases,918270,1773217910000,2026-03-11 08:31:50 UTC
cx_genome,core_support,61766,1773217949000,2026-03-11 08:32:29 UTC
cx_genome,feature_store_customer,101301,1773354386000,2026-03-12 22:26:26 UTC
cx_genome,genome_customer_360,111731,1773218049000,2026-03-11 08:34:09 UTC
cx_genome,genome_customer_360_v2,111457,1773354243000,2026-03-12 22:24:03 UTC
cx_genome,india_cities,36,1773410137000,2026-03-13 13:55:37 UTC
cx_genome,india_demand_forecast,1916,1773410291000,2026-03-13 13:58:11 UTC
cx_genome,india_festivals,86,1773410131000,2026-03-13 13:55:31 UTC
cx_genome,india_price_elasticity,6,1773410268000,2026-03-13 13:57:48 UTC
cx_genome,india_pricing_recommendations,6,1773410273000,2026-03-13 13:57:53 UTC
cx_genome,india_products,37232,1773410116000,2026-03-13 13:55:16 UTC
cx_genome,india_quickcommerce_orders,100000,1773410125000,2026-03-13 13:55:25 UTC
cx_genome,india_store_sales,100000,1773410102000,2026-03-13 13:55:02 UTC
cx_genome,india_weather,7310,1773410143000,2026-03-13 13:55:43 UTC
cx_genome,kpi_retention_metrics,7,1773354339000,2026-03-12 22:25:39 UTC
retail_gold,demand_plan_override,0,1775393696000,2026-04-05 12:54:56 UTC
retail_gold,gold_assortment_optimizer,81765,1774417171000,2026-03-25 05:39:31 UTC
retail_gold,gold_basket_analysis,156984229,1774416930000,2026-03-25 05:35:30 UTC
retail_gold,gold_cohort_forecast,2592,1774417157000,2026-03-25 05:39:17 UTC
retail_gold,gold_cohort_retention,26,1775393983000,2026-04-05 12:59:43 UTC
retail_gold,gold_competitive_index,78458,1774417075000,2026-03-25 05:37:55 UTC
retail_gold,gold_cost_passthrough,721,1774417139000,2026-03-25 05:38:59 UTC
retail_gold,gold_customer_360,50000,1774416895000,2026-03-25 05:34:55 UTC
retail_gold,gold_customer_360_v2,50000,1775500954000,2026-04-06 18:42:34 UTC
retail_gold,gold_customer_price_sens,1349901,1774416974000,2026-03-25 05:36:14 UTC
retail_gold,gold_data_quality,65,1774391631000,2026-03-24 22:33:51 UTC
retail_gold,gold_delivery_perf,65688,1774416911000,2026-03-25 05:35:11 UTC
retail_gold,gold_demand_daily_sku_store,140537885,1774415333000,2026-03-25 05:08:53 UTC
retail_gold,gold_demand_hourly,5083554,1774416871000,2026-03-25 05:34:31 UTC
retail_gold,gold_demand_hourly_test,363111,1774416731000,2026-03-25 05:32:11 UTC
retail_gold,gold_demand_monthly_cat_geo,12960,1774416945000,2026-03-25 05:35:45 UTC
retail_gold,gold_demand_weekly_cluster,539100,1774416938000,2026-03-25 05:35:38 UTC
retail_gold,gold_digital_signal,31200,1774418333000,2026-03-25 05:58:53 UTC
retail_gold,gold_feature_drift,0,1774396009000,2026-03-24 23:46:49 UTC
retail_gold,gold_festival_demand,22680,1774416951000,2026-03-25 05:35:51 UTC
retail_gold,gold_forecast_accuracy,0,1774803662000,2026-03-29 17:01:02 UTC
retail_gold,gold_inbound_forecast,8250,1774417515000,2026-03-25 05:45:15 UTC
retail_gold,gold_inventory_health,182167633,1774416881000,2026-03-25 05:34:41 UTC
retail_gold,gold_macro_sensitivity,1296,1774417103000,2026-03-25 05:38:23 UTC
retail_gold,gold_model_comparison,0,1774396007000,2026-03-24 23:46:47 UTC
retail_gold,gold_new_product_forecast,0,1774417524000,2026-03-25 05:45:24 UTC
retail_gold,gold_new_store_assort,2916,1774417180000,2026-03-25 05:39:40 UTC
retail_gold,gold_optimal_price,470700,1774417145000,2026-03-25 05:39:05 UTC
retail_gold,gold_osa_tracker,315138,1774417080000,2026-03-25 05:38:00 UTC
retail_gold,gold_planogram_perf,81765,1774417116000,2026-03-25 05:38:36 UTC
retail_gold,gold_price_elasticity_matrix,3000,1774417093000,2026-03-25 05:38:13 UTC
retail_gold,gold_product_affinity,2000,1775413161000,2026-04-05 18:19:21 UTC
retail_gold,gold_product_vpo,486,1774554031000,2026-03-26 19:40:31 UTC
retail_gold,gold_promo_calendar,0,1774438034000,2026-03-25 11:27:14 UTC
retail_gold,gold_promo_effectiveness,13588188,1774416959000,2026-03-25 05:35:59 UTC
retail_gold,gold_reference_price,50800,1774417099000,2026-03-25 05:38:19 UTC
retail_gold,gold_regulatory_impact,21,1774395992000,2026-03-24 23:46:32 UTC
retail_gold,gold_replenishment_signal,140537885,1774417127000,2026-03-25 05:38:47 UTC
retail_gold,gold_revenue_daily,318955,1775393692000,2026-04-05 12:54:52 UTC
retail_gold,gold_safety_stock,117126,1774416965000,2026-03-25 05:36:05 UTC
retail_gold,gold_store_classification,241,1774554453000,2026-03-26 19:47:33 UTC
retail_gold,gold_supplier_scorecard,30,1774416906000,2026-03-25 05:35:06 UTC
retail_gold,gold_unconstrained_demand,140537885,1774417089000,2026-03-25 05:38:09 UTC
retail_gold,gold_weather_impact,891,1774416917000,2026-03-25 05:35:17 UTC
retail_gold,po_audit_log,0,1775393710000,2026-04-05 12:55:10 UTC
retail_gold,price_change_approval,0,1775393723000,2026-04-05 12:55:23 UTC
retail_gold,price_scenario,0,1775393716000,2026-04-05 12:55:16 UTC
retail_gold,s_op_minutes,0,1775393703000,2026-04-05 12:55:03 UTC
retail_gold,schema_documentation,ERROR: [TABLE_OR_VIEW_NOT_FOUND] The table or v,,
retail_ml,churn_feature_importance,7,1775496516000,2026-04-06 17:28:36 UTC
retail_ml,churn_scores,50000,1775496533000,2026-04-06 17:28:53 UTC
retail_ml,clv_scores,50000,1775414531000,2026-04-05 18:42:11 UTC
retail_ml,demand_features,140537885,1774554764000,2026-03-26 19:52:44 UTC
retail_ml,demand_features_validated,140537885,1774556295000,2026-03-26 20:18:15 UTC
retail_ml,forecast_output,351378,1774803372000,2026-03-29 16:56:12 UTC
retail_ml,price_elasticity_metrics,27,1775495774000,2026-04-06 17:16:14 UTC
retail_ml,price_recommendations,486,1775495767000,2026-04-06 17:16:07 UTC
